{
    "num_partitions": 2,
    "random_state": 42,
    "num_trials": 10,
    "fit_time": 1027.0919606685638,
    "score": 0.9175780549600467
}